Customers,Throughput,AvgWait,PeakQueue,Time
389,0,74.99719535519823,7,10801.416764152244
